# 台積電每月營收公布日, 來源: 公開資訊觀測站重大訊息 (co_id=2330). 時間用 13:30 (使用者規則), source 欄是 MOPS 申報時間.
datetime,name,tier,tz,source
2017-01-10 13:30,TSMC_REV,normal,TW,台積公司2016年12月營收報告 MOPS 16:51
2017-02-10 13:30,TSMC_REV,normal,TW,台積公司2017年1月營收報告 MOPS 15:52
2017-03-10 13:30,TSMC_REV,normal,TW,台積公司2017年2月營收報告 MOPS 16:31
2017-04-10 13:30,TSMC_REV,normal,TW,台積公司2017年3月營收報告 MOPS 17:16
2017-05-10 13:30,TSMC_REV,normal,TW,台積公司2017年4月營收報告 MOPS 18:13
2017-06-09 13:30,TSMC_REV,normal,TW,台積公司2017年5月營收報告 MOPS 16:34
2017-07-10 13:30,TSMC_REV,normal,TW,台積公司2017年6月營收報告 MOPS 14:31
2017-08-10 13:30,TSMC_REV,normal,TW,台積公司2017年7月營收報告 MOPS 13:55
2017-09-08 13:30,TSMC_REV,normal,TW,台積公司2017年8月營收報告 MOPS 17:24
2017-10-06 13:30,TSMC_REV,normal,TW,台積公司2017年9月營收報告 MOPS 14:21
2017-11-10 13:30,TSMC_REV,normal,TW,台積公司2017年10月營收報告 MOPS 13:53
2017-12-08 13:30,TSMC_REV,normal,TW,台積公司2017年11月營收報告 MOPS 16:51
2018-01-10 13:30,TSMC_REV,normal,TW,台積公司2017年12月營收報告 MOPS 14:47
2018-02-09 13:30,TSMC_REV,normal,TW,台積公司2018年1月營收報告 MOPS 16:53
2018-03-09 13:30,TSMC_REV,normal,TW,台積公司2018年2月營收報告 MOPS 16:13
2018-04-10 13:30,TSMC_REV,normal,TW,台積公司2018年3月營收報告 MOPS 16:05
2018-05-10 13:30,TSMC_REV,normal,TW,台積公司2018年4月營收報告 MOPS 14:51
2018-06-08 13:30,TSMC_REV,normal,TW,台積公司2018年5月營收報告 MOPS 14:23
2018-07-10 13:30,TSMC_REV,normal,TW,台積公司2018年6月營收報告 MOPS 13:40
2018-08-10 13:30,TSMC_REV,normal,TW,台積公司2018年7月營收報告 MOPS 14:49
2018-09-10 13:30,TSMC_REV,normal,TW,台積公司2018年8月營收報告 MOPS 13:54
2018-10-09 13:30,TSMC_REV,normal,TW,台積公司2018年9月營收報告 MOPS 14:20
2018-11-09 13:30,TSMC_REV,normal,TW,台積公司2018年10月營收報告 MOPS 14:32
2018-12-10 13:30,TSMC_REV,normal,TW,台積公司2018年11月營收報告 MOPS 14:24
2019-01-10 13:30,TSMC_REV,normal,TW,台積公司2018年12月營收報告 MOPS 14:29
2019-02-15 13:30,TSMC_REV,normal,TW,台積公司2019年1月營收報告 MOPS 14:25
2019-03-08 13:30,TSMC_REV,normal,TW,台積公司2019年2月營收報告 MOPS 14:16
2019-04-10 13:30,TSMC_REV,normal,TW,台積公司2019年3月營收報告 MOPS 13:54
2019-05-10 13:30,TSMC_REV,normal,TW,台積公司2019年4月營收報告 MOPS 13:42
2019-06-10 13:30,TSMC_REV,normal,TW,台積公司2019年5月營收報告 MOPS 14:40
2019-07-10 13:30,TSMC_REV,normal,TW,台積公司2019年6月營收報告 MOPS 14:21
2019-08-12 13:30,TSMC_REV,normal,TW,台積公司2019年7月營收報告 MOPS 13:56
2019-09-10 13:30,TSMC_REV,normal,TW,台積公司2019年8月營收報告 MOPS 14:31
2019-10-09 13:30,TSMC_REV,normal,TW,台積公司2019年9月營收報告 MOPS 13:45
2019-11-08 13:30,TSMC_REV,normal,TW,台積公司2019年10月營收報告 MOPS 16:28
2019-12-10 13:30,TSMC_REV,normal,TW,台積公司2019年11月營收報告 MOPS 15:37
2020-01-10 13:30,TSMC_REV,normal,TW,台積公司2019年12月營收報告 MOPS 13:51
2020-02-10 13:30,TSMC_REV,normal,TW,台積公司2020年1月營收報告 MOPS 14:32
2020-03-10 13:30,TSMC_REV,normal,TW,台積公司2020年2月營收報告 MOPS 13:48
2020-04-10 13:30,TSMC_REV,normal,TW,台積公司2020年3月營收報告 MOPS 13:59
2020-05-08 13:30,TSMC_REV,normal,TW,台積公司2020年4月營收報告 MOPS 14:14
2020-06-10 13:30,TSMC_REV,normal,TW,台積公司2020年5月營收報告 MOPS 14:39
2020-07-10 13:30,TSMC_REV,normal,TW,台積公司2020年6月營收報告 MOPS 13:51
2020-08-10 13:30,TSMC_REV,normal,TW,台積公司2020年7月營收報告 MOPS 14:51
2020-09-10 13:30,TSMC_REV,normal,TW,台積公司2020年8月營收報告 MOPS 13:43
2020-10-08 13:30,TSMC_REV,normal,TW,台積公司2020年9月營收報告 MOPS 15:55
2020-11-10 13:30,TSMC_REV,normal,TW,台積公司2020年10月營收報告 MOPS 15:50
2020-12-10 13:30,TSMC_REV,normal,TW,台積公司2020年11月營收報告 MOPS 13:43
2021-01-08 13:30,TSMC_REV,normal,TW,台積公司2020年12月營收報告 MOPS 15:11
2021-02-09 13:30,TSMC_REV,normal,TW,台積公司2021年1月營收報告 MOPS 14:00
2021-03-10 13:30,TSMC_REV,normal,TW,台積公司2021年2月營收報告 MOPS 13:47
2021-04-09 13:30,TSMC_REV,normal,TW,台積公司2021年3月營收報告 MOPS 13:51
2021-05-10 13:30,TSMC_REV,normal,TW,台積公司2021年4月營收報告 MOPS 14:08
2021-06-10 13:30,TSMC_REV,normal,TW,台積公司2021年5月營收報告 MOPS 13:34
2021-07-09 13:30,TSMC_REV,normal,TW,台積公司2021年6月營收報告 MOPS 13:41
2021-08-10 13:30,TSMC_REV,normal,TW,台積公司2021年7月營收報告 MOPS 13:55
2021-09-10 13:30,TSMC_REV,normal,TW,台積公司2021年8月營收報告 MOPS 13:42
2021-10-08 13:30,TSMC_REV,normal,TW,台積公司2021年9月營收報告 MOPS 13:46
2021-11-10 13:30,TSMC_REV,normal,TW,台積公司2021年10月營收報告 MOPS 13:36
2021-12-10 13:30,TSMC_REV,normal,TW,台積公司2021年11月營收報告 MOPS 14:17
2022-01-10 13:30,TSMC_REV,normal,TW,台積公司2021年12月營收報告 MOPS 14:03
2022-02-10 13:30,TSMC_REV,normal,TW,台積公司2022年1月營收報告 MOPS 13:41
2022-03-10 13:30,TSMC_REV,normal,TW,台積公司2022年2月營收報告 MOPS 13:51
2022-04-08 13:30,TSMC_REV,normal,TW,台積公司2022年3月營收報告 MOPS 14:32
2022-05-10 13:30,TSMC_REV,normal,TW,台積公司2022年4月營收報告 MOPS 13:44
2022-06-10 13:30,TSMC_REV,normal,TW,台積公司2022年5月營收報告 MOPS 14:20
2022-07-08 13:30,TSMC_REV,normal,TW,台積公司2022年6月營收報告 MOPS 14:02
2022-08-10 13:30,TSMC_REV,normal,TW,台積公司2022年7月營收報告 MOPS 13:40
2022-09-08 13:30,TSMC_REV,normal,TW,台積公司2022年8月營收報告 MOPS 14:10
2022-10-07 13:30,TSMC_REV,normal,TW,台積公司2022年9月營收報告 MOPS 13:57
2022-11-10 13:30,TSMC_REV,normal,TW,台積公司2022年10月營收報告 MOPS 14:00
2022-12-09 13:30,TSMC_REV,normal,TW,台積公司2022年11月營收報告 MOPS 14:06
2023-01-10 13:30,TSMC_REV,normal,TW,台積公司2022年12月營收報告 MOPS 13:43
2023-02-10 13:30,TSMC_REV,normal,TW,台積公司2023年1月營收報告 MOPS 14:22
2023-03-10 13:30,TSMC_REV,normal,TW,台積公司2023年2月營收報告 MOPS 14:03
2023-04-10 13:30,TSMC_REV,normal,TW,台積公司2023年3月營收報告 MOPS 14:06
2023-05-10 13:30,TSMC_REV,normal,TW,台積公司2023年4月營收報告 MOPS 13:51
2023-06-09 13:30,TSMC_REV,normal,TW,台積公司2023年5月營收報告 MOPS 14:19
2023-07-10 13:30,TSMC_REV,normal,TW,台積公司2023年6月營收報告 MOPS 14:04
2023-08-10 13:30,TSMC_REV,normal,TW,台積公司2023年7月營收報告 MOPS 13:52
2023-09-08 13:30,TSMC_REV,normal,TW,台積公司2023年8月營收報告 MOPS 13:49
2023-10-06 13:30,TSMC_REV,normal,TW,台積公司2023年9月營收報告 MOPS 13:52
2023-11-10 13:30,TSMC_REV,normal,TW,台積公司2023年10月營收報告 MOPS 13:57
2023-12-08 13:30,TSMC_REV,normal,TW,台積公司2023年11月營收報告 MOPS 14:04
2024-01-10 13:30,TSMC_REV,normal,TW,台積公司2023年12月營收報告 MOPS 14:10
2024-02-07 13:30,TSMC_REV,normal,TW,台積公司2024年1月營收報告 MOPS 13:49
2024-03-08 13:30,TSMC_REV,normal,TW,台積公司2024年2月營收報告 MOPS 13:53
2024-04-10 13:30,TSMC_REV,normal,TW,台積公司2024年3月營收報告 MOPS 13:50
2024-05-10 13:30,TSMC_REV,normal,TW,台積公司2024年4月營收報告 MOPS 14:03
2024-06-07 13:30,TSMC_REV,normal,TW,台積公司2024年5月營收報告 MOPS 14:06
2024-07-10 13:30,TSMC_REV,normal,TW,台積公司2024年6月營收報告 MOPS 13:48
2024-08-09 13:30,TSMC_REV,normal,TW,台積公司2024年7月營收報告 MOPS 14:08
2024-09-10 13:30,TSMC_REV,normal,TW,台積公司2024年8月營收報告 MOPS 14:02
2024-10-09 13:30,TSMC_REV,normal,TW,台積公司2024年9月營收報告 MOPS 13:37
2024-11-08 13:30,TSMC_REV,normal,TW,台積公司2024年10月營收報告 MOPS 13:55
2024-12-10 13:30,TSMC_REV,normal,TW,台積公司2024年11月營收報告 MOPS 13:46
2025-01-10 13:30,TSMC_REV,normal,TW,台積公司2024年12月營收報告 MOPS 14:05
2025-02-10 13:30,TSMC_REV,normal,TW,台積公司2025年1月營收報告與地震影響說明 MOPS 14:01
2025-03-10 13:30,TSMC_REV,normal,TW,台積公司2025年2月營收報告 MOPS 13:49
2025-04-10 13:30,TSMC_REV,normal,TW,台積公司2025年3月營收報告 MOPS 14:05
2025-05-09 13:30,TSMC_REV,normal,TW,台積公司2025年4月營收報告 MOPS 13:55
2025-06-10 13:30,TSMC_REV,normal,TW,台積公司2025年5月營收報告 MOPS 13:47
2025-07-10 13:30,TSMC_REV,normal,TW,台積公司2025年6月營收報告 MOPS 14:26
2025-08-08 13:30,TSMC_REV,normal,TW,台積公司2025年7月營收報告 MOPS 13:55
2025-09-10 13:30,TSMC_REV,normal,TW,台積公司2025年8月營收報告 MOPS 13:57
2025-10-09 13:30,TSMC_REV,normal,TW,台積公司2025年9月營收報告 MOPS 14:01
2025-11-10 13:30,TSMC_REV,normal,TW,台積公司2025年10月營收報告 MOPS 14:04
2025-12-10 13:30,TSMC_REV,normal,TW,台積公司2025年11月營收報告 MOPS 13:50
2026-01-09 13:30,TSMC_REV,normal,TW,台積公司2025年12月營收報告 MOPS 13:51
2026-02-10 13:30,TSMC_REV,normal,TW,台積公司2026年1月營收報告 MOPS 13:46
2026-03-10 13:30,TSMC_REV,normal,TW,台積公司2026年2月營收報告 MOPS 14:06
2026-04-10 13:30,TSMC_REV,normal,TW,台積公司2026年3月營收報告 MOPS 13:50
2026-05-08 13:30,TSMC_REV,normal,TW,台積公司2026年4月營收報告 MOPS 14:10
2026-06-10 13:30,TSMC_REV,normal,TW,台積公司2026年5月營收報告 MOPS 13:52
2026-07-13 13:30,TSMC_REV,normal,TW,台積公司2026年6月營收報告 MOPS 13:50
2026-08-10 13:30,TSMC_REV,normal,TW,台積公司2026年7月營收報告 MOPS 13:51
2026-09-10 13:30,TSMC_REV,normal,TW,台積公司2026年8月營收報告 MOPS 13:51
