timestamp,open,high,low,close,volume
2023-11-19 18:00:00,15895.0,15903.75,15860.75,15864.0,4635
2023-11-19 18:15:00,15864.75,15867.0,15848.25,15853.75,1946
2023-11-19 18:30:00,15853.75,15865.25,15853.75,15864.75,1246
2023-11-19 18:45:00,15864.75,15868.25,15861.0,15864.25,1314
2023-11-19 19:00:00,15864.25,15865.25,15855.75,15856.5,1363
2023-11-19 19:15:00,15856.5,15867.5,15856.5,15865.0,1196
2023-11-19 19:30:00,15864.5,15869.5,15860.0,15868.25,1056
2023-11-19 19:45:00,15868.5,15869.5,15863.0,15863.75,739
2023-11-19 20:00:00,15863.5,15871.25,15862.0,15867.5,1183
2023-11-19 20:15:00,15867.75,15872.5,15860.5,15865.75,1422
2023-11-19 20:30:00,15865.5,15865.5,15855.25,15856.0,1404
2023-11-19 20:45:00,15856.25,15861.25,15855.0,15860.0,664
2023-11-19 21:00:00,15860.0,15862.5,15857.0,15858.75,806
2023-11-19 21:15:00,15859.0,15864.5,15856.25,15862.25,822
2023-11-19 21:30:00,15862.0,15864.75,15856.75,15864.0,807
2023-11-19 21:45:00,15864.25,15864.25,15857.25,15861.75,697
2023-11-19 22:00:00,15861.75,15861.75,15853.75,15858.5,1060
2023-11-19 22:15:00,15858.75,15861.5,15855.75,15856.5,675
2023-11-19 22:30:00,15856.25,15859.75,15854.25,15855.5,580
2023-11-19 22:45:00,15855.5,15857.0,15851.25,15852.5,765
2023-11-19 23:00:00,15852.75,15857.0,15851.75,15857.0,560
2023-11-19 23:15:00,15857.0,15858.25,15855.25,15857.0,707
2023-11-19 23:30:00,15856.5,15857.25,15852.75,15854.25,559
2023-11-19 23:45:00,15854.5,15855.75,15853.5,15854.0,220
2023-11-20 00:00:00,15854.25,15856.0,15849.75,15849.75,784
2023-11-20 00:15:00,15850.0,15855.75,15848.75,15848.75,716
2023-11-20 00:30:00,15849.0,15850.75,15845.25,15848.0,703
2023-11-20 00:45:00,15848.25,15848.25,15837.25,15839.0,1379
2023-11-20 01:00:00,15839.0,15844.0,15838.5,15842.25,877
2023-11-20 01:15:00,15842.25,15845.5,15839.5,15840.25,808
2023-11-20 01:30:00,15840.75,15847.0,15840.25,15845.25,781
2023-11-20 01:45:00,15846.0,15847.5,15844.0,15846.25,593
2023-11-20 02:00:00,15846.25,15854.0,15845.0,15853.0,1599
2023-11-20 02:15:00,15853.25,15854.75,15846.25,15846.75,1154
2023-11-20 02:30:00,15846.25,15852.5,15844.5,15850.25,1122
2023-11-20 02:45:00,15850.25,15861.75,15848.5,15860.75,2095
2023-11-20 03:00:00,15860.75,15881.5,15860.75,15879.0,5587
2023-11-20 03:15:00,15878.75,15879.75,15865.0,15867.75,2260
2023-11-20 03:30:00,15868.0,15881.25,15866.25,15878.5,2929
2023-11-20 03:45:00,15878.25,15889.75,15873.5,15883.75,2736
2023-11-20 04:00:00,15884.25,15906.0,15884.25,15904.75,4573
2023-11-20 04:15:00,15904.25,15917.0,15903.25,15912.75,2936
2023-11-20 04:30:00,15912.25,15920.5,15909.0,15917.5,2363
2023-11-20 04:45:00,15917.25,15928.75,15916.25,15928.5,1982
2023-11-20 05:00:00,15928.5,15932.0,15923.25,15930.0,2188
2023-11-20 05:15:00,15930.0,15930.5,15914.75,15918.0,1910
2023-11-20 05:30:00,15917.75,15921.0,15910.25,15910.25,1606
2023-11-20 05:45:00,15910.5,15916.75,15908.0,15915.75,1479
2023-11-20 06:00:00,15915.25,15920.5,15909.25,15918.5,2060
2023-11-20 06:15:00,15918.5,15918.75,15909.25,15915.25,1322
2023-11-20 06:30:00,15915.25,15916.25,15905.25,15911.5,1848
2023-11-20 06:45:00,15911.25,15929.0,15909.75,15919.75,2316
2023-11-20 07:00:00,15919.25,15924.25,15915.0,15917.5,2140
2023-11-20 07:15:00,15917.25,15921.0,15913.5,15914.5,2053
2023-11-20 07:30:00,15914.75,15917.25,15895.75,15896.5,3249
2023-11-20 07:45:00,15896.75,15899.75,15891.0,15895.0,2433
2023-11-20 08:00:00,15895.0,15901.5,15890.5,15899.25,2932
2023-11-20 08:15:00,15899.75,15905.0,15887.25,15893.0,2980
2023-11-20 08:30:00,15893.5,15911.5,15887.5,15909.5,3622
2023-11-20 08:45:00,15909.25,15919.75,15903.5,15912.75,3715
2023-11-20 09:00:00,15913.0,15925.0,15906.75,15908.5,5721
2023-11-20 09:15:00,15908.75,15911.25,15890.5,15895.25,6596
2023-11-20 09:30:00,15895.0,15982.5,15894.75,15961.75,48848
2023-11-20 09:45:00,15961.75,15997.0,15949.0,15996.25,32100
2023-11-20 10:00:00,15996.0,16002.25,15966.0,15973.0,29456
2023-11-20 10:15:00,15973.25,15979.75,15937.75,15960.5,23310
2023-11-20 10:30:00,15960.5,15972.0,15942.25,15965.5,18167
2023-11-20 10:45:00,15965.75,16000.0,15959.25,15999.75,20332
2023-11-20 11:00:00,15999.5,16018.5,15999.5,16005.0,25476
2023-11-20 11:15:00,16005.5,16017.0,16001.5,16011.25,11029
2023-11-20 11:30:00,16011.25,16021.25,16006.0,16017.0,10090
2023-11-20 11:45:00,16017.0,16017.0,16001.5,16013.25,8984
2023-11-20 12:00:00,16013.75,16032.0,16003.5,16029.25,10295
2023-11-20 12:15:00,16029.0,16031.75,16016.75,16019.0,7695
2023-11-20 12:30:00,16019.25,16023.75,16010.0,16016.75,7702
2023-11-20 12:45:00,16017.0,16018.75,16009.75,16010.75,6321
2023-11-20 13:00:00,16011.25,16071.75,16010.25,16062.25,31994
2023-11-20 13:15:00,16062.0,16076.25,16053.25,16071.75,15922
2023-11-20 13:30:00,16071.5,16074.75,16063.75,16070.25,9159
2023-11-20 13:45:00,16070.0,16075.5,16064.25,16070.75,6834
2023-11-20 14:00:00,16071.0,16077.0,16058.75,16063.0,8411
2023-11-20 14:15:00,16063.0,16078.75,16059.25,16070.25,10925
2023-11-20 14:30:00,16070.5,16089.75,16070.5,16086.25,10514
2023-11-20 14:45:00,16086.0,16098.25,16086.0,16094.5,12070
2023-11-20 15:00:00,16094.75,16116.75,16090.25,16114.5,14015
2023-11-20 15:15:00,16114.75,16115.25,16096.25,16106.0,10006
2023-11-20 15:30:00,16105.75,16107.5,16098.0,16103.75,8910
2023-11-20 15:45:00,16103.5,16104.5,16075.5,16088.5,27891
2023-11-20 16:00:00,16088.5,16089.75,16079.25,16080.5,9057
2023-11-20 16:15:00,16080.75,16084.75,16079.75,16083.0,1014
2023-11-20 16:30:00,16082.75,16087.5,16081.5,16085.75,1095
2023-11-20 16:45:00,16085.75,16090.0,16083.75,16089.5,1164
2023-11-20 18:00:00,16087.5,16100.5,16083.0,16099.75,1830
2023-11-20 18:15:00,16100.25,16100.5,16092.5,16094.75,1016
2023-11-20 18:30:00,16095.0,16099.5,16091.75,16097.5,913
2023-11-20 18:45:00,16097.25,16102.0,16096.25,16101.0,624
2023-11-20 19:00:00,16100.5,16100.75,16092.75,16098.75,852
2023-11-20 19:15:00,16099.0,16105.5,16099.0,16104.75,1002
2023-11-20 19:30:00,16105.0,16107.75,16102.0,16103.25,865
2023-11-20 19:45:00,16103.25,16108.5,16101.25,16102.75,1318
2023-11-20 20:00:00,16102.75,16104.25,16098.0,16100.0,1108
2023-11-20 20:15:00,16100.25,16112.5,16099.5,16112.25,1527
2023-11-20 20:30:00,16112.0,16113.75,16104.0,16105.0,1463
2023-11-20 20:45:00,16104.75,16107.0,16101.5,16105.5,912
2023-11-20 21:00:00,16105.25,16108.5,16102.75,16107.75,605
2023-11-20 21:15:00,16107.25,16109.0,16103.5,16103.75,738
2023-11-20 21:30:00,16104.25,16110.5,16103.5,16109.0,810
2023-11-20 21:45:00,16108.75,16113.75,16108.5,16110.5,754
2023-11-20 22:00:00,16110.75,16118.25,16109.5,16116.5,1384
2023-11-20 22:15:00,16116.75,16120.75,16114.5,16115.5,1738
2023-11-20 22:30:00,16115.5,16122.5,16114.75,16116.25,1187
2023-11-20 22:45:00,16116.25,16117.25,16109.0,16113.25,1339
2023-11-20 23:00:00,16113.25,16115.75,16112.25,16114.5,597
2023-11-20 23:15:00,16114.25,16114.75,16111.5,16113.25,364
2023-11-20 23:30:00,16113.0,16113.5,16106.0,16107.0,706
2023-11-20 23:45:00,16107.25,16109.75,16106.5,16109.25,513
2023-11-21 00:00:00,16109.25,16113.5,16108.0,16111.5,641
2023-11-21 00:15:00,16111.75,16113.75,16105.5,16106.75,616
2023-11-21 00:30:00,16107.0,16108.75,16100.5,16107.0,1069
2023-11-21 00:45:00,16106.75,16111.5,16102.25,16103.75,1181
2023-11-21 01:00:00,16103.75,16105.25,16095.0,16095.25,1176
2023-11-21 01:15:00,16095.5,16096.5,16089.5,16094.75,1260
2023-11-21 01:30:00,16094.75,16100.0,16093.0,16097.75,860
2023-11-21 01:45:00,16097.5,16103.0,16096.25,16102.5,684
2023-11-21 02:00:00,16103.0,16104.0,16093.25,16093.75,1025
2023-11-21 02:15:00,16094.5,16096.5,16088.75,16092.5,1192
2023-11-21 02:30:00,16092.5,16093.25,16081.0,16082.25,1605
2023-11-21 02:45:00,16082.0,16085.5,16078.75,16082.5,1448
2023-11-21 03:00:00,16082.75,16091.0,16079.25,16080.5,2659
2023-11-21 03:15:00,16080.5,16085.5,16072.25,16078.25,2448
2023-11-21 03:30:00,16079.0,16087.25,16076.0,16076.75,2010
2023-11-21 03:45:00,16077.25,16089.5,16076.0,16084.5,1522
2023-11-21 04:00:00,16084.25,16088.75,16077.25,16081.0,2393
2023-11-21 04:15:00,16081.5,16089.0,16078.0,16086.25,1444
2023-11-21 04:30:00,16086.0,16091.75,16076.5,16076.5,1906
2023-11-21 04:45:00,16076.25,16077.75,16071.25,16075.0,1605
2023-11-21 05:00:00,16074.5,16084.0,16070.75,16081.25,1626
2023-11-21 05:15:00,16081.5,16088.25,16078.75,16085.75,1192
2023-11-21 05:30:00,16085.25,16094.25,16084.5,16090.25,1790
2023-11-21 05:45:00,16090.25,16090.25,16080.75,16081.0,1061
2023-11-21 06:00:00,16081.0,16084.5,16074.75,16076.75,1868
2023-11-21 06:15:00,16076.5,16083.25,16075.0,16079.75,1376
2023-11-21 06:30:00,16079.75,16081.25,16063.75,16067.0,2886
2023-11-21 06:45:00,16067.0,16070.75,16057.5,16061.25,2849
2023-11-21 07:00:00,16062.0,16068.5,16060.75,16062.5,2164
2023-11-21 07:15:00,16062.75,16071.0,16059.25,16067.0,2119
2023-11-21 07:30:00,16067.0,16074.75,16053.75,16058.25,3440
2023-11-21 07:45:00,16058.0,16058.75,16038.25,16041.75,4494
2023-11-21 08:00:00,16042.0,16043.25,16031.0,16036.25,4809
2023-11-21 08:15:00,16036.5,16043.0,16032.25,16034.0,3836
2023-11-21 08:30:00,16034.25,16040.0,16008.0,16013.25,10031
2023-11-21 08:45:00,16013.0,16017.75,16004.0,16007.25,6415
2023-11-21 09:00:00,16007.75,16020.5,16000.25,16013.75,7919
2023-11-21 09:15:00,16014.0,16015.75,16004.75,16013.75,6201
2023-11-21 09:30:00,16013.0,16020.75,15980.25,16005.25,42429
2023-11-21 09:45:00,16005.75,16009.25,15981.75,15985.25,27061
2023-11-21 10:00:00,15985.5,16003.25,15976.25,15985.5,23275
2023-11-21 10:15:00,15985.0,15992.75,15922.0,15927.25,34263
2023-11-21 10:30:00,15927.0,15942.5,15916.75,15936.75,26965
2023-11-21 10:45:00,15937.0,15948.75,15929.5,15942.25,17710
2023-11-21 11:00:00,15942.25,15947.25,15926.25,15936.5,17609
2023-11-21 11:15:00,15936.75,15953.0,15933.25,15947.5,14391
2023-11-21 11:30:00,15947.25,15950.5,15929.5,15938.5,13343
2023-11-21 11:45:00,15938.25,15962.25,15938.25,15960.75,13884
2023-11-21 12:00:00,15961.0,15968.75,15953.75,15965.75,9540
2023-11-21 12:15:00,15965.75,15975.0,15957.25,15971.75,10612
2023-11-21 12:30:00,15971.75,15977.75,15967.25,15970.5,8973
2023-11-21 12:45:00,15970.75,15990.0,15970.5,15986.75,11191
2023-11-21 13:00:00,15987.0,15987.75,15954.75,15958.5,15592
2023-11-21 13:15:00,15958.25,15963.75,15942.0,15953.75,13389
2023-11-21 13:30:00,15954.0,15974.75,15948.5,15969.0,10485
2023-11-21 13:45:00,15968.75,15985.0,15965.5,15975.25,8999
2023-11-21 14:00:00,15977.0,15986.0,15957.75,15982.5,16966
2023-11-21 14:15:00,15982.25,15992.0,15967.25,15973.75,10694
2023-11-21 14:30:00,15974.5,15977.0,15963.0,15974.5,7838
2023-11-21 14:45:00,15974.0,15987.25,15966.25,15986.25,12096
2023-11-21 15:00:00,15986.0,16001.25,15983.5,15986.25,12962
2023-11-21 15:15:00,15986.0,15995.25,15983.0,15991.25,9561
2023-11-21 15:30:00,15991.25,15993.25,15973.0,15977.0,10646
2023-11-21 15:45:00,15977.5,15992.25,15974.75,15988.5,21824
2023-11-21 16:00:00,15988.75,15990.75,15975.0,15979.5,7334
2023-11-21 16:15:00,15979.5,16025.0,15912.0,15986.25,13423
2023-11-21 16:30:00,15987.0,15990.5,15964.75,15970.0,4342
2023-11-21 16:45:00,15970.75,15974.5,15964.5,15968.5,1797
2023-11-21 18:00:00,15967.25,15969.0,15953.0,15954.75,2034
2023-11-21 18:15:00,15955.5,15955.5,15943.0,15950.75,1430
2023-11-21 18:30:00,15950.25,15954.0,15949.5,15953.0,661
2023-11-21 18:45:00,15953.0,15955.25,15949.75,15954.75,444
2023-11-21 19:00:00,15954.5,15966.0,15953.75,15961.25,1884
2023-11-21 19:15:00,15961.25,15962.0,15955.5,15958.5,912
2023-11-21 19:30:00,15958.25,15961.25,15955.25,15959.75,716
2023-11-21 19:45:00,15960.25,15965.25,15958.75,15965.0,729
2023-11-21 20:00:00,15965.25,15966.75,15960.75,15962.25,866
2023-11-21 20:15:00,15962.5,15965.75,15960.5,15964.25,666
2023-11-21 20:30:00,15964.25,15966.0,15960.5,15963.25,880
2023-11-21 20:45:00,15963.5,15972.75,15962.75,15968.25,1315
2023-11-21 21:00:00,15968.0,15968.5,15963.75,15967.5,677
2023-11-21 21:15:00,15967.5,15971.0,15967.25,15970.0,612
2023-11-21 21:30:00,15970.25,15984.25,15969.5,15977.0,2028
2023-11-21 21:45:00,15976.75,15984.0,15975.5,15978.5,941
2023-11-21 22:00:00,15978.75,15981.75,15976.75,15979.5,537
2023-11-21 22:15:00,15979.75,15980.75,15974.75,15975.5,472
2023-11-21 22:30:00,15975.75,15975.75,15966.5,15971.75,919
2023-11-21 22:45:00,15972.0,15972.25,15969.0,15970.5,374
2023-11-21 23:00:00,15970.0,15970.0,15964.0,15969.5,885
2023-11-21 23:15:00,15969.5,15970.75,15966.75,15969.75,461
2023-11-21 23:30:00,15969.0,15970.75,15965.0,15970.5,520
2023-11-21 23:45:00,15970.5,15971.75,15969.0,15971.25,253
2023-11-22 00:00:00,15971.5,15977.75,15969.75,15973.5,769
2023-11-22 00:15:00,15973.5,15973.75,15962.25,15966.0,963
2023-11-22 00:30:00,15966.0,15970.0,15963.25,15963.75,639
2023-11-22 00:45:00,15963.25,15964.75,15960.25,15961.25,704
2023-11-22 01:00:00,15961.5,15963.25,15946.25,15951.75,2082
2023-11-22 01:15:00,15952.25,15955.0,15949.5,15951.0,948
2023-11-22 01:30:00,15951.25,15957.25,15950.5,15956.75,663
2023-11-22 01:45:00,15957.0,15960.75,15950.75,15957.5,1096
2023-11-22 02:00:00,15957.5,15960.75,15956.25,15956.75,821
2023-11-22 02:15:00,15957.0,15957.5,15950.5,15953.25,774
2023-11-22 02:30:00,15953.5,15953.75,15943.75,15947.0,1355
2023-11-22 02:45:00,15946.5,15960.75,15942.75,15957.5,1579
2023-11-22 03:00:00,15957.75,15973.75,15956.0,15973.25,2751
2023-11-22 03:15:00,15973.25,15979.25,15970.0,15975.0,1880
2023-11-22 03:30:00,15975.5,15981.75,15956.25,15964.0,2471
2023-11-22 03:45:00,15963.5,15965.5,15951.5,15960.25,1773
2023-11-22 04:00:00,15959.75,15983.25,15954.5,15982.0,3410
2023-11-22 04:15:00,15982.5,15984.0,15973.75,15978.0,2049
2023-11-22 04:30:00,15977.75,15985.75,15972.75,15984.25,1783
2023-11-22 04:45:00,15984.0,15988.5,15976.75,15984.75,1836
2023-11-22 05:00:00,15985.0,16005.0,15983.0,16004.0,3626
2023-11-22 05:15:00,16004.0,16006.5,15995.0,16001.25,2538
2023-11-22 05:30:00,16001.25,16013.0,16001.25,16011.25,2565
2023-11-22 05:45:00,16010.75,16028.25,16009.25,16027.25,4019
2023-11-22 06:00:00,16027.0,16027.5,16019.25,16025.75,2537
2023-11-22 06:15:00,16025.75,16040.5,16020.5,16039.25,3400
2023-11-22 06:30:00,16038.75,16041.75,16030.0,16030.75,2842
2023-11-22 06:45:00,16030.5,16035.5,16025.5,16030.25,1931
2023-11-22 07:00:00,16030.5,16043.5,16026.0,16041.75,3096
2023-11-22 07:15:00,16041.75,16057.75,16039.25,16053.0,4207
2023-11-22 07:30:00,16053.0,16061.0,16051.0,16053.75,3235
2023-11-22 07:45:00,16053.5,16059.75,16043.75,16047.0,4241
2023-11-22 08:00:00,16046.75,16056.25,16043.5,16045.5,3493
2023-11-22 08:15:00,16045.75,16067.5,16044.25,16066.25,5422
2023-11-22 08:30:00,16066.25,16068.0,16043.25,16052.25,9826
2023-11-22 08:45:00,16051.5,16070.0,16051.25,16064.75,6267
2023-11-22 09:00:00,16065.25,16079.25,16057.25,16058.5,8316
2023-11-22 09:15:00,16058.75,16070.75,16053.75,16070.25,6793
2023-11-22 09:30:00,16069.75,16173.5,16069.25,16142.25,64907
2023-11-22 09:45:00,16142.25,16147.25,16035.0,16066.5,55919
2023-11-22 10:00:00,16067.0,16073.5,16016.25,16035.0,37560
2023-11-22 10:15:00,16035.25,16066.0,16005.5,16061.5,30116
2023-11-22 10:30:00,16061.5,16099.5,16059.75,16081.0,29453
2023-11-22 10:45:00,16080.5,16085.0,16027.0,16039.25,24286
2023-11-22 11:00:00,16039.75,16073.75,16035.0,16066.75,18127
2023-11-22 11:15:00,16067.25,16070.75,16048.25,16064.25,14417
2023-11-22 11:30:00,16064.75,16078.75,16059.5,16077.5,11497
2023-11-22 11:45:00,16077.25,16085.5,16066.5,16083.75,10543
2023-11-22 12:00:00,16083.75,16102.0,16075.0,16076.25,14310
2023-11-22 12:15:00,16076.0,16095.25,16073.5,16086.25,10505
2023-11-22 12:30:00,16086.5,16090.0,16061.0,16066.0,10655
2023-11-22 12:45:00,16066.25,16075.25,16058.0,16071.75,9851
2023-11-22 13:00:00,16072.0,16098.25,16067.25,16095.0,9806
2023-11-22 13:15:00,16095.25,16101.5,16079.75,16100.25,9805
2023-11-22 13:30:00,16100.5,16104.5,16085.0,16086.75,8881
2023-11-22 13:45:00,16087.0,16094.25,16082.75,16090.0,6693
2023-11-22 14:00:00,16090.25,16100.0,16083.25,16084.5,7696
2023-11-22 14:15:00,16085.0,16095.75,16081.0,16085.25,7547
2023-11-22 14:30:00,16085.0,16085.75,16012.25,16039.75,23128
2023-11-22 14:45:00,16039.25,16058.5,16024.75,16055.5,14609
2023-11-22 15:00:00,16055.5,16060.25,16048.75,16056.5,11149
2023-11-22 15:15:00,16056.75,16063.5,16045.5,16056.5,10256
2023-11-22 15:30:00,16056.5,16061.25,16048.75,16051.5,7418
2023-11-22 15:45:00,16051.0,16058.0,16043.5,16048.0,18909
2023-11-22 16:00:00,16048.0,16052.0,16038.0,16039.0,6276
2023-11-22 16:15:00,16039.5,16047.25,16039.5,16046.75,917
2023-11-22 16:30:00,16046.25,16046.5,16042.0,16043.75,908
2023-11-22 16:45:00,16043.75,16046.0,16040.5,16045.5,1488
2023-11-22 18:00:00,16036.75,16045.25,16034.5,16042.0,1011
2023-11-22 18:15:00,16041.75,16045.5,16040.75,16041.25,564
2023-11-22 18:30:00,16041.5,16043.75,16040.5,16043.0,413
2023-11-22 18:45:00,16043.5,16046.0,16042.75,16045.5,322
2023-11-22 19:00:00,16045.75,16047.0,16039.5,16043.75,706
2023-11-22 19:15:00,16043.5,16045.75,16038.5,16041.5,745
2023-11-22 19:30:00,16041.25,16044.75,16039.75,16044.0,321
2023-11-22 19:45:00,16044.0,16047.75,16043.0,16047.25,562
2023-11-22 20:00:00,16047.25,16050.75,16045.5,16047.0,704
2023-11-22 20:15:00,16047.0,16055.5,16045.5,16054.75,770
2023-11-22 20:30:00,16054.5,16059.75,16053.5,16056.75,887
2023-11-22 20:45:00,16057.0,16061.0,16056.75,16059.75,504
2023-11-22 21:00:00,16060.25,16062.25,16058.5,16060.75,533
2023-11-22 21:15:00,16061.0,16061.5,16056.0,16056.75,458
2023-11-22 21:30:00,16056.5,16058.75,16054.5,16054.5,546
2023-11-22 21:45:00,16054.75,16058.0,16052.0,16053.0,656
2023-11-22 22:00:00,16053.25,16053.75,16049.5,16052.0,433
2023-11-22 22:15:00,16052.0,16054.0,16050.25,16051.0,270
2023-11-22 22:30:00,16051.0,16051.0,16046.0,16047.0,455
2023-11-22 22:45:00,16047.0,16050.0,16046.75,16049.75,357
2023-11-22 23:00:00,16049.5,16049.5,16047.0,16048.25,163
2023-11-22 23:15:00,16048.25,16049.75,16047.25,16049.5,136
2023-11-22 23:30:00,16049.25,16054.25,16049.25,16052.75,412
2023-11-22 23:45:00,16052.5,16053.25,16049.0,16049.25,198
2023-11-23 00:00:00,16049.0,16051.25,16048.5,16050.25,281
2023-11-23 00:15:00,16050.25,16053.0,16049.5,16052.75,296
2023-11-23 00:30:00,16053.0,16060.75,16053.0,16060.25,713
2023-11-23 00:45:00,16060.0,16064.75,16059.25,16064.0,521
2023-11-23 01:00:00,16064.25,16072.0,16064.25,16069.25,1169
2023-11-23 01:15:00,16069.0,16074.25,16068.25,16072.5,725
2023-11-23 01:30:00,16072.25,16072.25,16067.0,16069.25,543
2023-11-23 01:45:00,16069.5,16070.25,16062.5,16068.75,830
2023-11-23 02:00:00,16068.5,16079.75,16068.5,16075.0,1735
2023-11-23 02:15:00,16074.75,16081.0,16074.0,16079.75,838
2023-11-23 02:30:00,16079.5,16081.25,16073.75,16079.5,1003
2023-11-23 02:45:00,16079.0,16082.75,16074.5,16076.75,733
2023-11-23 03:00:00,16077.0,16079.5,16064.25,16068.5,1611
2023-11-23 03:15:00,16068.25,16074.25,16063.0,16066.75,948
2023-11-23 03:30:00,16066.25,16076.25,16062.75,16071.75,1247
2023-11-23 03:45:00,16071.5,16081.5,16070.25,16080.0,779
2023-11-23 04:00:00,16079.5,16080.75,16069.0,16075.5,1009
2023-11-23 04:15:00,16075.75,16077.25,16071.5,16076.5,738
2023-11-23 04:30:00,16076.5,16083.75,16070.25,16082.5,1317
2023-11-23 04:45:00,16082.0,16086.0,16079.25,16082.0,822
2023-11-23 05:00:00,16082.0,16086.5,16076.25,16076.25,823
2023-11-23 05:15:00,16076.25,16078.75,16069.25,16075.75,815
2023-11-23 05:30:00,16075.5,16076.75,16065.0,16067.25,831
2023-11-23 05:45:00,16067.0,16072.5,16064.75,16071.0,775
2023-11-23 06:00:00,16071.0,16075.0,16069.0,16070.5,712
2023-11-23 06:15:00,16070.75,16077.5,16068.0,16076.75,952
2023-11-23 06:30:00,16076.75,16077.25,16073.0,16074.0,618
2023-11-23 06:45:00,16074.0,16076.75,16070.25,16072.0,578
2023-11-23 07:00:00,16072.25,16074.0,16067.5,16069.5,675
2023-11-23 07:15:00,16069.5,16077.75,16069.25,16071.5,868
2023-11-23 07:30:00,16071.5,16071.75,16062.25,16063.0,967
2023-11-23 07:45:00,16063.0,16066.75,16058.0,16060.0,1039
2023-11-23 08:00:00,16060.5,16062.5,16057.5,16061.5,738
2023-11-23 08:15:00,16061.75,16066.75,16057.75,16059.5,999
2023-11-23 08:30:00,16059.5,16066.75,16057.0,16066.25,821
2023-11-23 08:45:00,16066.25,16068.0,16064.0,16067.25,641
2023-11-23 09:00:00,16067.5,16071.75,16062.5,16065.5,1995
2023-11-23 09:15:00,16065.5,16065.5,16060.5,16063.25,1084
2023-11-23 09:30:00,16063.0,16069.25,16055.0,16063.75,4284
2023-11-23 09:45:00,16064.0,16065.75,16054.75,16056.0,2550
2023-11-23 10:00:00,16056.75,16061.25,16051.5,16057.0,2468
2023-11-23 10:15:00,16057.25,16061.25,16054.25,16058.0,1833
2023-11-23 10:30:00,16058.5,16066.75,16057.25,16066.0,2064
2023-11-23 10:45:00,16065.75,16074.75,16065.5,16073.5,2208
2023-11-23 11:00:00,16073.25,16074.25,16064.25,16066.25,1864
2023-11-23 11:15:00,16066.0,16068.25,16064.0,16068.0,1288
2023-11-23 11:30:00,16068.0,16072.0,16067.25,16069.25,1116
2023-11-23 11:45:00,16069.5,16070.0,16062.25,16062.75,1040
2023-11-23 12:00:00,16062.75,16063.75,16061.25,16062.5,735
2023-11-23 12:15:00,16062.25,16065.0,16061.5,16062.0,984
2023-11-23 12:30:00,16062.25,16066.5,16061.75,16063.75,732
2023-11-23 12:45:00,16064.0,16066.5,16058.5,16062.5,703
2023-11-23 18:00:00,16062.5,16077.0,16060.75,16063.5,895
2023-11-23 18:15:00,16063.0,16066.5,16062.0,16064.5,359
2023-11-23 18:30:00,16065.0,16065.0,16059.5,16062.0,305
2023-11-23 18:45:00,16062.25,16066.0,16060.5,16065.0,325
2023-11-23 19:00:00,16064.5,16064.75,16059.75,16063.25,608
2023-11-23 19:15:00,16063.5,16069.5,16063.0,16068.75,524
2023-11-23 19:30:00,16068.5,16069.5,16063.0,16063.5,426
2023-11-23 19:45:00,16063.5,16070.75,16063.5,16069.25,472
2023-11-23 20:00:00,16069.0,16070.25,16066.75,16068.25,469
2023-11-23 20:15:00,16068.0,16068.5,16059.75,16060.25,850
2023-11-23 20:30:00,16060.0,16065.75,16058.5,16064.75,625
2023-11-23 20:45:00,16064.25,16067.5,16064.25,16066.25,447
2023-11-23 21:00:00,16066.5,16066.75,16057.25,16063.75,759
2023-11-23 21:15:00,16063.25,16065.0,16061.5,16062.5,451
2023-11-23 21:30:00,16062.5,16063.5,16059.5,16061.75,577
2023-11-23 21:45:00,16062.0,16068.0,16061.25,16065.75,786
2023-11-23 22:00:00,16066.0,16068.75,16063.0,16063.5,739
2023-11-23 22:15:00,16063.0,16064.75,16061.0,16064.25,405
2023-11-23 22:30:00,16064.25,16065.25,16063.5,16064.0,304
2023-11-23 22:45:00,16064.0,16064.5,16059.25,16063.0,440
2023-11-23 23:00:00,16063.25,16063.75,16059.75,16062.75,362
2023-11-23 23:15:00,16062.5,16063.75,16062.25,16063.5,214
2023-11-23 23:30:00,16063.75,16063.75,16061.5,16062.75,227
2023-11-23 23:45:00,16062.75,16063.0,16060.5,16061.25,336
2023-11-24 00:00:00,16061.25,16062.25,16057.25,16060.25,727
2023-11-24 00:15:00,16060.5,16062.75,16058.5,16059.75,393
2023-11-24 00:30:00,16060.0,16061.5,16058.0,16058.75,346
2023-11-24 00:45:00,16059.0,16062.25,16057.25,16060.5,307
2023-11-24 01:00:00,16060.5,16060.5,16052.25,16052.75,870
2023-11-24 01:15:00,16052.75,16054.5,16050.75,16053.5,766
2023-11-24 01:30:00,16053.0,16056.0,16052.75,16053.75,413
2023-11-24 01:45:00,16053.75,16053.75,16044.25,16050.25,1080
2023-11-24 02:00:00,16050.5,16050.75,16033.75,16035.75,1790
2023-11-24 02:15:00,16035.5,16036.75,16029.0,16033.75,1169
2023-11-24 02:30:00,16033.5,16034.75,16026.25,16032.25,1333
2023-11-24 02:45:00,16032.75,16034.75,16029.0,16034.75,754
2023-11-24 03:00:00,16034.75,16040.75,16028.75,16039.5,1624
2023-11-24 03:15:00,16040.0,16053.5,16039.75,16050.75,2351
2023-11-24 03:30:00,16050.75,16055.0,16044.75,16049.0,1215
2023-11-24 03:45:00,16049.25,16051.0,16041.0,16042.75,950
2023-11-24 04:00:00,16043.5,16062.5,16042.0,16062.25,2528
2023-11-24 04:15:00,16062.0,16069.25,16059.5,16068.0,2115
2023-11-24 04:30:00,16067.75,16071.5,16062.25,16069.5,1766
2023-11-24 04:45:00,16069.5,16069.75,16054.75,16055.25,1785
2023-11-24 05:00:00,16055.5,16057.0,16044.5,16045.5,1838
2023-11-24 05:15:00,16045.5,16047.25,16039.75,16040.25,1610
2023-11-24 05:30:00,16040.5,16041.75,16029.5,16038.25,1829
2023-11-24 05:45:00,16038.25,16052.5,16036.75,16048.75,1926
2023-11-24 06:00:00,16048.75,16054.0,16024.5,16031.25,3111
2023-11-24 06:15:00,16031.25,16041.25,16026.75,16032.25,1639
2023-11-24 06:30:00,16032.25,16039.75,16031.25,16037.25,946
2023-11-24 06:45:00,16037.5,16039.25,16032.75,16038.75,1024
2023-11-24 07:00:00,16038.5,16049.25,16036.5,16046.0,2441
2023-11-24 07:15:00,16046.25,16047.5,16037.5,16041.0,1334
2023-11-24 07:30:00,16041.0,16045.5,16035.75,16041.0,1378
2023-11-24 07:45:00,16041.25,16041.5,16032.75,16036.75,1558
2023-11-24 08:00:00,16037.0,16043.5,16026.25,16036.75,2434
2023-11-24 08:15:00,16037.0,16041.75,16034.0,16036.5,1666
2023-11-24 08:30:00,16036.0,16045.25,16028.25,16045.0,2989
2023-11-24 08:45:00,16045.0,16053.5,16043.75,16050.5,3216
2023-11-24 09:00:00,16050.75,16053.0,16035.25,16036.25,3000
2023-11-24 09:15:00,16035.75,16045.25,16025.25,16028.25,4052
2023-11-24 09:30:00,16028.5,16053.5,16002.0,16018.0,27485
2023-11-24 09:45:00,16017.75,16034.25,16006.5,16026.5,16609
2023-11-24 10:00:00,16027.25,16036.25,16004.0,16006.0,13582
2023-11-24 10:15:00,16006.0,16014.75,15990.5,15995.5,15329
2023-11-24 10:30:00,15996.0,16011.5,15992.25,16002.0,10130
2023-11-24 10:45:00,16001.25,16007.0,15981.75,16002.75,10962
2023-11-24 11:00:00,16003.0,16011.5,15995.75,16006.75,8307
2023-11-24 11:15:00,16006.25,16012.75,16001.75,16008.75,5968
2023-11-24 11:30:00,16008.75,16017.0,15999.75,16011.5,7862
2023-11-24 11:45:00,16012.25,16025.25,16012.25,16019.0,6416
2023-11-24 12:00:00,16018.75,16022.0,16012.75,16019.5,4873
2023-11-24 12:15:00,16019.5,16023.5,16010.25,16014.5,5202
2023-11-24 12:30:00,16014.25,16018.75,16004.5,16004.5,4733
2023-11-24 12:45:00,16004.5,16023.0,16004.25,16022.75,8506
2023-11-24 13:00:00,16022.25,16025.25,16010.0,16011.0,4006
2023-11-26 18:00:00,16008.0,16009.0,15985.0,15990.75,3712
2023-11-26 18:15:00,15991.25,15992.75,15988.25,15990.25,736
2023-11-26 18:30:00,15990.5,15991.25,15983.75,15984.75,875
2023-11-26 18:45:00,15984.75,15989.0,15982.75,15986.5,554
2023-11-26 19:00:00,15986.75,15987.0,15972.5,15977.25,1772
2023-11-26 19:15:00,15977.5,15978.75,15966.0,15973.25,1795
2023-11-26 19:30:00,15973.5,15975.75,15969.5,15973.5,936
2023-11-26 19:45:00,15973.5,15974.5,15968.5,15969.25,797
2023-11-26 20:00:00,15969.25,15975.5,15966.75,15974.75,1476
2023-11-26 20:15:00,15974.5,15986.0,15973.25,15985.5,1977
2023-11-26 20:30:00,15985.5,15985.5,15970.0,15972.5,1707
2023-11-26 20:45:00,15972.5,15974.5,15968.5,15970.0,761
2023-11-26 21:00:00,15970.75,15971.75,15951.5,15956.5,2286
2023-11-26 21:15:00,15957.0,15958.0,15948.75,15950.0,1401
2023-11-26 21:30:00,15949.5,15950.25,15945.0,15948.25,1254
2023-11-26 21:45:00,15948.25,15948.75,15945.5,15948.0,657
2023-11-26 22:00:00,15948.0,15948.75,15943.25,15947.5,855
2023-11-26 22:15:00,15947.75,15948.25,15938.75,15939.75,1212
2023-11-26 22:30:00,15939.5,15947.5,15939.5,15945.0,1073
2023-11-26 22:45:00,15945.0,15947.0,15942.25,15945.0,537
2023-11-26 23:00:00,15945.75,15947.5,15944.0,15945.25,371
2023-11-26 23:15:00,15945.5,15949.25,15945.5,15948.25,509
2023-11-26 23:30:00,15948.75,15951.5,15946.5,15950.5,493
2023-11-26 23:45:00,15950.25,15951.0,15946.0,15947.25,564
2023-11-27 00:00:00,15947.25,15948.5,15939.75,15943.75,722
2023-11-27 00:15:00,15943.75,15949.0,15940.5,15942.5,959
2023-11-27 00:30:00,15942.25,15953.5,15942.25,15950.25,859
2023-11-27 00:45:00,15949.75,15951.0,15941.25,15941.25,847
2023-11-27 01:00:00,15941.25,15954.25,15941.25,15953.5,934
2023-11-27 01:15:00,15953.0,15958.0,15950.5,15955.5,809
2023-11-27 01:30:00,15955.75,15956.5,15951.5,15953.0,548
2023-11-27 01:45:00,15953.0,15958.0,15951.5,15955.75,653
2023-11-27 02:00:00,15956.0,15974.0,15956.0,15974.0,2472
2023-11-27 02:15:00,15973.5,15982.5,15971.75,15980.25,1566
2023-11-27 02:30:00,15979.25,15983.0,15977.5,15980.0,1295
2023-11-27 02:45:00,15979.75,15987.5,15979.25,15984.0,1383
2023-11-27 03:00:00,15984.25,15988.25,15979.5,15980.25,2246
2023-11-27 03:15:00,15980.5,15997.25,15980.5,15991.25,2373
2023-11-27 03:30:00,15991.5,15999.25,15991.0,15994.25,1367
2023-11-27 03:45:00,15994.0,15997.0,15990.25,15995.0,1261
2023-11-27 04:00:00,15995.25,16000.0,15988.25,15998.0,2202
2023-11-27 04:15:00,15998.5,16000.0,15988.75,15990.25,1468
2023-11-27 04:30:00,15990.75,15993.0,15984.0,15985.5,1235
2023-11-27 04:45:00,15984.75,15988.0,15970.75,15974.25,2212
2023-11-27 05:00:00,15974.75,15996.5,15973.75,15996.25,2095
2023-11-27 05:15:00,15996.5,16000.0,15993.5,15999.5,2248
2023-11-27 05:30:00,15999.5,16003.75,15994.5,15998.5,1754
2023-11-27 05:45:00,15998.5,16011.75,15996.5,16009.75,1631
2023-11-27 06:00:00,16009.25,16013.0,16006.0,16009.5,1277
2023-11-27 06:15:00,16009.25,16010.0,16001.5,16003.25,1274
2023-11-27 06:30:00,16003.5,16009.0,15999.25,16000.75,1297
2023-11-27 06:45:00,16000.5,16003.75,15994.5,16003.25,1606
2023-11-27 07:00:00,16002.75,16018.5,16002.75,16013.25,2177
2023-11-27 07:15:00,16013.25,16016.5,16001.75,16004.5,2099
2023-11-27 07:30:00,16004.5,16011.0,15998.0,16001.0,2254
2023-11-27 07:45:00,16001.0,16007.0,15997.5,16004.5,1621
2023-11-27 08:00:00,16004.75,16019.5,16002.0,16017.0,2807
2023-11-27 08:15:00,16017.0,16021.5,16012.5,16020.25,2601
2023-11-27 08:30:00,16020.0,16021.75,16005.0,16006.0,3778
2023-11-27 08:45:00,16006.0,16008.0,15996.5,16000.25,3334
2023-11-27 09:00:00,16000.25,16004.25,15976.25,15980.25,5666
2023-11-27 09:15:00,15981.0,15999.0,15980.25,15998.75,5030
2023-11-27 09:30:00,15999.0,16037.5,15970.25,16001.25,45021
2023-11-27 09:45:00,16001.25,16008.75,15984.25,16008.0,20664
2023-11-27 10:00:00,16008.25,16050.25,16007.75,16029.25,31316
2023-11-27 10:15:00,16029.25,16030.5,15998.5,16015.25,17806
2023-11-27 10:30:00,16015.0,16049.5,16015.0,16043.0,19757
2023-11-27 10:45:00,16043.0,16051.5,16032.25,16041.25,13405
2023-11-27 11:00:00,16040.75,16041.75,16006.25,16014.75,20467
2023-11-27 11:15:00,16015.25,16028.5,16008.75,16028.25,10461
2023-11-27 11:30:00,16028.0,16050.25,16020.5,16039.25,15619
2023-11-27 11:45:00,16039.25,16066.0,16037.0,16054.25,13981
2023-11-27 12:00:00,16054.25,16068.25,16047.75,16066.0,10988
2023-11-27 12:15:00,16066.0,16066.75,16053.25,16060.25,9159
2023-11-27 12:30:00,16060.75,16069.25,16055.25,16067.25,6646
2023-11-27 12:45:00,16066.75,16075.5,16060.5,16072.5,7403
2023-11-27 13:00:00,16073.0,16088.25,16067.0,16088.25,13366
2023-11-27 13:15:00,16088.25,16089.25,16060.0,16066.25,11187
2023-11-27 13:30:00,16066.25,16071.25,16054.25,16055.0,9187
2023-11-27 13:45:00,16055.25,16063.5,16044.5,16053.25,9149
2023-11-27 14:00:00,16053.5,16058.0,16044.5,16048.75,7036
2023-11-27 14:15:00,16049.25,16049.25,16033.25,16039.75,9022
2023-11-27 14:30:00,16040.25,16042.75,15997.75,16010.75,15132
2023-11-27 14:45:00,16010.5,16026.0,16002.5,16025.25,12402
2023-11-27 15:00:00,16025.5,16029.75,16020.25,16021.0,10038
2023-11-27 15:15:00,16021.25,16040.75,16019.25,16038.75,9408
2023-11-27 15:30:00,16039.0,16047.5,16035.0,16036.25,9608
2023-11-27 15:45:00,16036.25,16037.5,15999.0,16007.5,28511
2023-11-27 16:00:00,16007.5,16010.25,16003.5,16007.5,8983
2023-11-27 16:15:00,16007.25,16008.75,16005.0,16006.5,1102
2023-11-27 16:30:00,16006.75,16007.75,16005.25,16005.5,902
2023-11-27 16:45:00,16005.25,16005.75,16002.75,16004.75,1064
2023-11-27 18:00:00,16005.25,16013.5,16003.0,16010.0,1436
2023-11-27 18:15:00,16010.25,16011.5,16009.25,16010.5,323
2023-11-27 18:30:00,16010.75,16011.5,16006.75,16009.0,622
2023-11-27 18:45:00,16009.0,16011.25,16006.5,16009.5,528
2023-11-27 19:00:00,16009.75,16010.5,16002.5,16003.75,856
2023-11-27 19:15:00,16004.25,16004.75,15986.5,15989.25,2079
2023-11-27 19:30:00,15989.0,16000.75,15988.25,15999.25,1680
2023-11-27 19:45:00,15999.5,16006.0,15997.5,16004.25,902
2023-11-27 20:00:00,16004.25,16009.0,16001.0,16007.5,1047
2023-11-27 20:15:00,16007.25,16009.25,16000.0,16001.25,786
2023-11-27 20:30:00,16001.75,16005.5,15994.25,16003.0,1030
2023-11-27 20:45:00,16003.5,16010.0,16003.25,16006.5,1080
2023-11-27 21:00:00,16006.5,16011.5,16006.25,16008.25,755
2023-11-27 21:15:00,16008.5,16014.0,16007.75,16011.0,835
2023-11-27 21:30:00,16010.75,16013.5,16008.5,16009.75,745
2023-11-27 21:45:00,16010.25,16010.25,16007.25,16007.25,308
2023-11-27 22:00:00,16007.0,16008.75,16004.75,16005.25,498
2023-11-27 22:15:00,16005.5,16005.75,15995.5,16002.5,1231
2023-11-27 22:30:00,16003.0,16003.0,15993.5,15996.5,712
2023-11-27 22:45:00,15996.0,15997.75,15993.5,15994.5,578
2023-11-27 23:00:00,15994.5,15996.75,15992.75,15995.5,597
2023-11-27 23:15:00,15995.5,15996.25,15991.25,15992.0,352
2023-11-27 23:30:00,15992.0,15995.25,15991.0,15994.0,477
2023-11-27 23:45:00,15993.75,15998.5,15993.0,15997.25,455
2023-11-28 00:00:00,15997.5,15997.75,15994.75,15996.25,499
2023-11-28 00:15:00,15995.75,15999.0,15992.25,15997.75,581
2023-11-28 00:30:00,15998.0,16006.5,15997.75,16000.25,1006
2023-11-28 00:45:00,16000.75,16003.5,15999.0,16003.0,415
2023-11-28 01:00:00,16002.75,16009.0,16002.0,16004.25,1040
2023-11-28 01:15:00,16004.75,16010.75,16004.75,16009.0,857
2023-11-28 01:30:00,16008.75,16013.0,16008.0,16008.25,569
2023-11-28 01:45:00,16008.25,16010.5,16003.5,16008.75,648
2023-11-28 02:00:00,16008.75,16009.25,15979.25,15980.75,2597
2023-11-28 02:15:00,15981.0,15983.5,15971.0,15975.0,2792
2023-11-28 02:30:00,15975.25,15979.5,15958.5,15961.5,2502
2023-11-28 02:45:00,15961.5,15971.75,15961.5,15970.75,1851
2023-11-28 03:00:00,15970.5,15973.5,15960.25,15968.75,3163
2023-11-28 03:15:00,15969.25,15972.75,15956.75,15959.75,2652
2023-11-28 03:30:00,15959.75,15975.25,15949.75,15952.0,3311
2023-11-28 03:45:00,15952.0,15976.5,15951.0,15971.25,3092
2023-11-28 04:00:00,15971.75,15979.5,15968.5,15970.0,2280
2023-11-28 04:15:00,15969.75,15984.0,15966.5,15983.25,1956
2023-11-28 04:30:00,15983.25,15988.25,15981.5,15987.25,1778
2023-11-28 04:45:00,15987.0,15991.25,15983.25,15989.75,1283
2023-11-28 05:00:00,15990.0,15994.75,15985.5,15990.75,1394
2023-11-28 05:15:00,15990.75,15991.25,15983.25,15983.25,1197
2023-11-28 05:30:00,15983.5,16001.0,15982.75,15999.75,2355
2023-11-28 05:45:00,16000.25,16005.5,15994.25,16004.5,1398
2023-11-28 06:00:00,16004.5,16010.75,16001.0,16001.75,2147
2023-11-28 06:15:00,16001.5,16008.0,15998.0,16004.0,1300
2023-11-28 06:30:00,16004.5,16005.75,15993.25,15996.5,1555
2023-11-28 06:45:00,15995.75,16000.0,15989.75,15990.25,1399
2023-11-28 07:00:00,15990.5,15999.0,15990.5,15994.0,1653
2023-11-28 07:15:00,15993.75,15993.75,15984.75,15988.75,1851
2023-11-28 07:30:00,15988.25,15992.25,15978.0,15982.5,2280
2023-11-28 07:45:00,15983.0,15984.5,15968.0,15971.0,2576
2023-11-28 08:00:00,15971.0,15971.25,15945.25,15952.5,6054
2023-11-28 08:15:00,15952.0,15979.75,15948.0,15974.25,5581
2023-11-28 08:30:00,15974.5,15985.5,15973.75,15982.5,4342
2023-11-28 08:45:00,15982.75,15986.75,15974.5,15986.5,3549
2023-11-28 09:00:00,15986.5,15990.75,15970.0,15974.25,6112
2023-11-28 09:15:00,15974.0,15979.0,15966.75,15974.5,4604
2023-11-28 09:30:00,15974.5,16007.5,15962.25,15968.25,42739
2023-11-28 09:45:00,15968.5,15990.0,15958.5,15967.5,23309
2023-11-28 10:00:00,15968.0,16001.0,15965.25,15984.25,28224
2023-11-28 10:15:00,15984.25,15998.25,15982.5,15984.75,17235
2023-11-28 10:30:00,15985.0,16048.0,15971.25,16042.75,36970
2023-11-28 10:45:00,16043.0,16044.5,15993.0,16012.5,28333
2023-11-28 11:00:00,16012.75,16027.5,16001.0,16018.0,19442
2023-11-28 11:15:00,16018.0,16046.0,16009.5,16040.5,17558
2023-11-28 11:30:00,16040.5,16071.5,16038.75,16068.5,18871
2023-11-28 11:45:00,16068.25,16069.5,16048.25,16054.75,14963
2023-11-28 12:00:00,16055.25,16059.25,16041.0,16048.25,11965
2023-11-28 12:15:00,16047.75,16054.5,16041.0,16041.75,9304
2023-11-28 12:30:00,16042.0,16042.75,16015.5,16023.75,15379
2023-11-28 12:45:00,16023.75,16029.0,16007.25,16023.0,12698
2023-11-28 13:00:00,16023.5,16024.5,15972.0,15980.75,27337
2023-11-28 13:15:00,15981.0,16005.25,15968.25,16002.0,16300
2023-11-28 13:30:00,16001.75,16010.0,15996.0,16003.5,10828
2023-11-28 13:45:00,16003.5,16014.75,15998.25,16002.5,11093
2023-11-28 14:00:00,16002.75,16009.0,15991.5,15992.5,12024
2023-11-28 14:15:00,15992.25,16007.5,15990.75,15997.75,9765
2023-11-28 14:30:00,15998.0,16016.75,15985.25,16011.75,15264
2023-11-28 14:45:00,16011.75,16027.75,16008.25,16021.25,13020
2023-11-28 15:00:00,16021.5,16022.75,16005.0,16008.5,8735
2023-11-28 15:15:00,16008.5,16011.25,15989.75,16005.75,13816
2023-11-28 15:30:00,16005.75,16022.5,16005.25,16020.5,10820
2023-11-28 15:45:00,16020.75,16052.5,16020.25,16047.75,25682
2023-11-28 16:00:00,16047.5,16054.0,16045.0,16051.75,7374
2023-11-28 16:15:00,16051.75,16058.75,16051.0,16054.5,2118
2023-11-28 16:30:00,16054.5,16056.5,16050.75,16054.75,1835
2023-11-28 16:45:00,16054.25,16057.25,16051.5,16051.5,1607
2023-11-28 18:00:00,16055.5,16055.5,16040.5,16046.75,2087
2023-11-28 18:15:00,16046.75,16054.0,16044.25,16051.5,1268
2023-11-28 18:30:00,16052.0,16058.0,16049.0,16051.75,899
2023-11-28 18:45:00,16051.25,16056.0,16050.75,16053.0,433
2023-11-28 19:00:00,16052.5,16056.25,16048.5,16049.25,757
2023-11-28 19:15:00,16049.5,16054.75,16049.5,16052.0,811
2023-11-28 19:30:00,16052.5,16062.0,16052.25,16060.0,1371
2023-11-28 19:45:00,16060.0,16070.75,16059.0,16066.25,1946
2023-11-28 20:00:00,16066.0,16086.5,16065.25,16073.0,4617
2023-11-28 20:15:00,16073.0,16079.5,16069.25,16073.0,1500
2023-11-28 20:30:00,16072.75,16074.5,16069.0,16072.5,1051
2023-11-28 20:45:00,16073.25,16075.75,16066.75,16072.75,1108
2023-11-28 21:00:00,16072.5,16079.5,16072.5,16076.5,1201
2023-11-28 21:15:00,16076.0,16079.0,16072.0,16072.5,843
2023-11-28 21:30:00,16072.75,16075.0,16067.0,16068.0,1138
2023-11-28 21:45:00,16068.0,16071.5,16065.0,16067.25,1035
2023-11-28 22:00:00,16067.5,16068.5,16060.0,16061.25,934
2023-11-28 22:15:00,16061.25,16064.25,16059.25,16064.0,713
2023-11-28 22:30:00,16064.0,16072.0,16062.0,16072.0,844
2023-11-28 22:45:00,16071.75,16074.25,16069.75,16072.5,670
2023-11-28 23:00:00,16072.5,16077.0,16072.25,16074.5,684
2023-11-28 23:15:00,16074.75,16076.5,16072.0,16075.25,495
2023-11-28 23:30:00,16075.5,16075.5,16071.0,16071.0,421
2023-11-28 23:45:00,16071.5,16076.25,16071.0,16075.25,432
2023-11-29 00:00:00,16075.25,16079.25,16071.0,16071.75,670
2023-11-29 00:15:00,16072.0,16075.0,16068.75,16072.25,742
2023-11-29 00:30:00,16072.0,16072.0,16064.75,16067.0,1064
2023-11-29 00:45:00,16067.0,16072.0,16065.5,16070.5,758
2023-11-29 01:00:00,16070.25,16070.75,16063.25,16065.25,840
2023-11-29 01:15:00,16064.75,16068.75,16063.0,16066.0,614
2023-11-29 01:30:00,16066.0,16078.25,16066.0,16072.5,1813
2023-11-29 01:45:00,16072.0,16075.5,16071.0,16074.5,746
2023-11-29 02:00:00,16074.25,16075.0,16065.0,16068.0,1143
2023-11-29 02:15:00,16067.75,16069.25,16064.0,16067.5,683
2023-11-29 02:30:00,16067.75,16070.75,16056.25,16059.75,1453
2023-11-29 02:45:00,16060.0,16063.75,16058.25,16059.25,1024
2023-11-29 03:00:00,16059.25,16076.25,16055.75,16073.5,3197
2023-11-29 03:15:00,16073.0,16074.75,16057.75,16057.75,2106
2023-11-29 03:30:00,16058.0,16098.25,16058.0,16095.75,4526
2023-11-29 03:45:00,16096.0,16099.75,16080.5,16082.75,3039
2023-11-29 04:00:00,16082.75,16088.25,16078.5,16082.5,2426
2023-11-29 04:15:00,16083.0,16114.5,16082.25,16112.5,4557
2023-11-29 04:30:00,16112.75,16115.25,16100.75,16102.75,2921
2023-11-29 04:45:00,16103.0,16123.0,16102.5,16115.0,3659
2023-11-29 05:00:00,16115.5,16123.5,16112.75,16118.75,1983
2023-11-29 05:15:00,16118.5,16122.75,16115.5,16122.75,2172
2023-11-29 05:30:00,16123.0,16124.5,16115.0,16116.75,1638
2023-11-29 05:45:00,16116.25,16123.25,16114.25,16118.75,1468
2023-11-29 06:00:00,16118.75,16122.75,16113.25,16116.5,1506
2023-11-29 06:15:00,16115.75,16121.25,16112.25,16116.25,1668
2023-11-29 06:30:00,16116.0,16120.25,16112.75,16116.5,1737
2023-11-29 06:45:00,16116.25,16138.25,16116.0,16130.75,3649
2023-11-29 07:00:00,16130.5,16133.75,16123.25,16133.0,2973
2023-11-29 07:15:00,16133.25,16137.75,16131.25,16132.0,2546
2023-11-29 07:30:00,16131.75,16141.25,16131.75,16133.0,2762
2023-11-29 07:45:00,16133.0,16144.75,16130.25,16144.75,2542
2023-11-29 08:00:00,16144.75,16154.0,16141.5,16149.0,4910
2023-11-29 08:15:00,16149.25,16160.25,16147.25,16159.25,4037
2023-11-29 08:30:00,16159.5,16173.25,16137.75,16145.75,11716
2023-11-29 08:45:00,16145.5,16150.0,16142.0,16145.25,4431
2023-11-29 09:00:00,16145.5,16161.75,16137.75,16145.0,7833
2023-11-29 09:15:00,16145.0,16156.0,16140.25,16147.25,7460
2023-11-29 09:30:00,16147.25,16208.5,16146.5,16191.5,47552
2023-11-29 09:45:00,16191.5,16207.0,16187.5,16194.25,23021
2023-11-29 10:00:00,16194.75,16203.5,16110.25,16116.25,52361
2023-11-29 10:15:00,16116.5,16118.25,16085.0,16108.5,37582
2023-11-29 10:30:00,16108.75,16124.25,16088.25,16102.5,24367
2023-11-29 10:45:00,16102.25,16132.75,16089.0,16119.75,20260
2023-11-29 11:00:00,16119.5,16121.75,16062.75,16067.75,23475
2023-11-29 11:15:00,16067.75,16072.0,16039.25,16045.0,22150
2023-11-29 11:30:00,16045.25,16063.25,16031.75,16056.75,17451
2023-11-29 11:45:00,16057.0,16070.25,16050.25,16067.0,12821
2023-11-29 12:00:00,16067.25,16076.75,16053.75,16073.75,11274
2023-11-29 12:15:00,16074.5,16089.75,16071.5,16088.75,10142
2023-11-29 12:30:00,16088.75,16095.5,16085.0,16089.0,10054
2023-11-29 12:45:00,16089.25,16096.5,16085.25,16091.0,9060
2023-11-29 13:00:00,16091.25,16099.75,16071.75,16072.75,14666
2023-11-29 13:15:00,16072.75,16088.5,16066.0,16086.5,10708
2023-11-29 13:30:00,16087.0,16087.5,16057.25,16074.25,11480
2023-11-29 13:45:00,16074.0,16084.25,16071.5,16075.5,6891
2023-11-29 14:00:00,16076.25,16082.0,16058.25,16075.75,13172
2023-11-29 14:15:00,16075.75,16085.0,16065.0,16068.0,9563
2023-11-29 14:30:00,16068.25,16068.25,16035.5,16049.5,15530
2023-11-29 14:45:00,16049.5,16066.0,16047.0,16064.25,9649
2023-11-29 15:00:00,16064.5,16066.25,16045.0,16046.5,9579
2023-11-29 15:15:00,16046.5,16049.0,16016.75,16021.5,17177
2023-11-29 15:30:00,16022.0,16029.75,16013.5,16029.5,13581
2023-11-29 15:45:00,16029.0,16031.0,16016.25,16025.75,26679
2023-11-29 16:00:00,16025.75,16047.0,16025.75,16044.25,10006
2023-11-29 16:15:00,16044.25,16055.5,16043.5,16050.25,3270
2023-11-29 16:30:00,16050.5,16051.5,16043.0,16043.75,1444
2023-11-29 16:45:00,16043.75,16047.75,16038.0,16041.25,1220
2023-11-29 18:00:00,16040.25,16043.5,16037.0,16039.75,1047
2023-11-29 18:15:00,16040.0,16050.0,16039.0,16048.25,866
2023-11-29 18:30:00,16048.75,16050.0,16047.0,16049.25,565
2023-11-29 18:45:00,16049.25,16049.25,16041.25,16047.0,1117
2023-11-29 19:00:00,16047.25,16049.25,16041.5,16042.0,969
2023-11-29 19:15:00,16041.75,16047.75,16040.75,16045.75,1018
2023-11-29 19:30:00,16045.75,16054.5,16044.5,16052.75,1197
2023-11-29 19:45:00,16052.75,16057.25,16049.75,16050.25,1321
2023-11-29 20:00:00,16050.5,16050.75,16043.5,16047.25,1004
2023-11-29 20:15:00,16047.25,16052.25,16042.75,16044.75,1335
2023-11-29 20:30:00,16045.0,16047.25,16037.25,16046.0,2662
2023-11-29 20:45:00,16046.0,16050.0,16035.0,16042.5,1983
2023-11-29 21:00:00,16042.75,16050.75,16039.5,16049.75,1025
2023-11-29 21:15:00,16050.0,16050.5,16043.0,16047.5,593
2023-11-29 21:30:00,16046.75,16049.75,16043.25,16049.5,541
2023-11-29 21:45:00,16049.75,16057.0,16048.25,16056.0,1086
2023-11-29 22:00:00,16056.0,16056.5,16049.25,16049.5,695
2023-11-29 22:15:00,16049.75,16050.0,16046.5,16049.25,633
2023-11-29 22:30:00,16049.25,16054.5,16047.75,16053.75,651
2023-11-29 22:45:00,16053.5,16054.5,16050.25,16053.0,344
2023-11-29 23:00:00,16052.5,16056.0,16052.25,16055.25,570
2023-11-29 23:15:00,16055.25,16055.5,16049.0,16053.25,489
2023-11-29 23:30:00,16053.5,16057.0,16052.25,16056.25,572
2023-11-29 23:45:00,16055.75,16057.0,16053.5,16055.0,591
2023-11-30 00:00:00,16055.25,16060.25,16053.5,16059.5,955
2023-11-30 00:15:00,16059.25,16062.0,16054.5,16055.5,763
2023-11-30 00:30:00,16055.75,16057.5,16054.25,16055.0,519
2023-11-30 00:45:00,16055.0,16064.25,16054.25,16063.5,816
2023-11-30 01:00:00,16063.25,16068.5,16061.5,16066.0,1125
2023-11-30 01:15:00,16066.0,16066.75,16062.0,16063.25,502
2023-11-30 01:30:00,16063.25,16067.0,16059.0,16063.75,683
2023-11-30 01:45:00,16063.75,16064.75,16057.25,16058.75,821
2023-11-30 02:00:00,16059.0,16062.0,16057.0,16059.75,933
2023-11-30 02:15:00,16059.5,16067.25,16057.75,16058.5,869
2023-11-30 02:30:00,16058.75,16060.75,16054.25,16054.75,889
2023-11-30 02:45:00,16055.0,16068.5,16055.0,16067.75,1704
2023-11-30 03:00:00,16068.25,16071.0,16060.25,16060.5,2599
2023-11-30 03:15:00,16060.75,16066.0,16054.5,16055.5,1731
2023-11-30 03:30:00,16055.25,16063.75,16039.25,16039.75,2970
2023-11-30 03:45:00,16040.0,16042.0,16031.25,16036.5,2891
2023-11-30 04:00:00,16036.25,16058.75,16036.0,16056.75,3660
2023-11-30 04:15:00,16056.75,16060.75,16054.25,16059.25,1309
2023-11-30 04:30:00,16059.5,16060.75,16042.75,16048.25,2358
2023-11-30 04:45:00,16047.5,16053.25,16043.0,16053.0,1531
2023-11-30 05:00:00,16053.5,16058.0,16046.5,16054.25,1401
2023-11-30 05:15:00,16054.25,16059.5,16048.0,16057.0,1093
2023-11-30 05:30:00,16056.75,16065.0,16054.75,16058.5,2061
2023-11-30 05:45:00,16058.75,16068.0,16058.0,16061.75,1441
2023-11-30 06:00:00,16062.0,16065.0,16057.25,16063.0,1399
2023-11-30 06:15:00,16063.0,16064.5,16051.5,16061.75,1492
2023-11-30 06:30:00,16062.0,16063.5,16055.5,16062.25,1024
2023-11-30 06:45:00,16062.0,16063.5,16050.0,16051.25,1220
2023-11-30 07:00:00,16051.75,16071.0,16051.5,16068.0,2360
2023-11-30 07:15:00,16068.0,16073.0,16063.75,16072.0,2198
2023-11-30 07:30:00,16072.0,16078.75,16069.25,16077.5,2120
2023-11-30 07:45:00,16077.25,16078.0,16070.25,16073.75,1793
2023-11-30 08:00:00,16074.25,16079.75,16067.5,16079.5,2870
2023-11-30 08:15:00,16079.75,16084.0,16071.5,16081.75,3470
2023-11-30 08:30:00,16081.5,16098.5,16059.5,16074.5,13818
2023-11-30 08:45:00,16074.5,16083.75,16049.0,16050.5,9226
2023-11-30 09:00:00,16050.5,16051.25,16034.75,16048.75,10510
2023-11-30 09:15:00,16048.75,16050.5,16027.25,16033.0,8872
2023-11-30 09:30:00,16032.5,16051.5,15960.0,15983.75,62064
2023-11-30 09:45:00,15983.75,15987.25,15946.5,15977.0,40404
2023-11-30 10:00:00,15976.25,15979.75,15918.75,15973.25,41835
2023-11-30 10:15:00,15973.25,15999.0,15948.0,15948.75,29281
2023-11-30 10:30:00,15949.25,15966.25,15893.5,15909.25,34004
2023-11-30 10:45:00,15909.25,15920.75,15881.5,15919.5,25844
2023-11-30 11:00:00,15919.25,15931.0,15894.5,15912.5,20558
2023-11-30 11:15:00,15912.5,15918.25,15891.5,15894.75,17657
2023-11-30 11:30:00,15894.75,15899.5,15878.75,15887.5,15776
2023-11-30 11:45:00,15887.5,15896.0,15865.5,15866.5,15712
2023-11-30 12:00:00,15867.0,15899.0,15860.75,15895.75,13992
2023-11-30 12:15:00,15895.25,15897.0,15875.0,15877.5,10649
2023-11-30 12:30:00,15877.75,15902.75,15875.5,15900.25,10610
2023-11-30 12:45:00,15900.0,15912.0,15896.25,15904.25,10953
2023-11-30 13:00:00,15904.0,15904.75,15870.75,15873.0,11011
2023-11-30 13:15:00,15873.25,15885.75,15868.25,15868.75,9209
2023-11-30 13:30:00,15869.25,15887.5,15856.0,15872.25,12629
2023-11-30 13:45:00,15872.0,15876.75,15858.0,15875.5,9569
2023-11-30 14:00:00,15876.0,15899.0,15874.0,15897.0,11874
2023-11-30 14:15:00,15897.25,15905.5,15886.5,15888.25,11124
2023-11-30 14:30:00,15887.75,15916.0,15881.75,15914.25,11945
2023-11-30 14:45:00,15914.25,15929.25,15911.5,15924.75,12656
2023-11-30 15:00:00,15925.0,15926.0,15889.75,15894.0,16494
2023-11-30 15:15:00,15894.0,15897.0,15870.75,15884.25,12352
2023-11-30 15:30:00,15883.75,15928.75,15881.75,15927.25,16340
2023-11-30 15:45:00,15927.75,15991.25,15909.5,15981.0,48474
2023-11-30 16:00:00,15980.75,15985.25,15956.75,15970.25,18089
2023-11-30 16:15:00,15970.5,15973.25,15967.25,15970.75,1797
2023-11-30 16:30:00,15970.5,15972.25,15962.75,15962.75,1136
2023-11-30 16:45:00,15962.75,15963.0,15956.25,15957.0,1566
2023-11-30 18:00:00,15955.0,15964.25,15950.0,15960.5,1539
2023-11-30 18:15:00,15960.5,15966.0,15959.0,15964.75,644
2023-11-30 18:30:00,15964.75,15966.75,15962.25,15966.0,663
2023-11-30 18:45:00,15966.0,15966.0,15961.5,15964.0,498
2023-11-30 19:00:00,15964.25,15964.25,15958.25,15963.25,679
2023-11-30 19:15:00,15962.75,15963.75,15959.5,15961.5,514
2023-11-30 19:30:00,15961.25,15961.25,15956.75,15959.5,661
2023-11-30 19:45:00,15959.75,15959.75,15955.0,15958.75,733
2023-11-30 20:00:00,15958.75,15962.25,15953.5,15954.25,933
2023-11-30 20:15:00,15954.5,15958.5,15951.25,15955.75,1003
2023-11-30 20:30:00,15955.5,15961.0,15954.0,15958.0,735
2023-11-30 20:45:00,15958.25,15962.75,15952.5,15953.5,1064
2023-11-30 21:00:00,15953.5,15958.25,15952.0,15955.0,594
2023-11-30 21:15:00,15955.25,15959.75,15954.25,15959.5,416
2023-11-30 21:30:00,15959.75,15970.25,15959.5,15968.0,1651
2023-11-30 21:45:00,15968.0,15968.25,15962.5,15963.0,532
2023-11-30 22:00:00,15963.25,15964.5,15960.0,15963.0,586
2023-11-30 22:15:00,15962.75,15963.5,15959.5,15960.25,440
2023-11-30 22:30:00,15960.0,15961.0,15948.5,15949.0,1021
2023-11-30 22:45:00,15949.5,15953.0,15947.25,15952.5,759
2023-11-30 23:00:00,15952.75,15953.5,15950.75,15952.25,441
2023-11-30 23:15:00,15952.0,15955.0,15951.5,15953.75,442
2023-11-30 23:30:00,15953.75,15954.5,15952.0,15953.0,355
2023-11-30 23:45:00,15952.75,15956.5,15952.75,15955.5,354
2023-12-01 00:00:00,15955.5,15955.75,15946.0,15949.75,989
2023-12-01 00:15:00,15949.75,15955.0,15949.5,15953.5,481
2023-12-01 00:30:00,15954.0,15962.75,15950.5,15957.75,1712
2023-12-01 00:45:00,15958.25,15961.25,15955.0,15956.0,734
2023-12-01 01:00:00,15956.0,15963.75,15953.25,15961.75,975
2023-12-01 01:15:00,15961.75,15962.0,15955.75,15956.0,537
2023-12-01 01:30:00,15956.75,15958.0,15952.5,15952.5,413
2023-12-01 01:45:00,15952.75,15957.0,15951.75,15955.0,476
2023-12-01 02:00:00,15955.5,15960.0,15951.5,15955.0,987
2023-12-01 02:15:00,15954.75,15958.0,15950.5,15953.0,659
2023-12-01 02:30:00,15953.25,15959.25,15951.0,15958.75,745
2023-12-01 02:45:00,15958.5,15960.0,15945.75,15947.75,1214
2023-12-01 03:00:00,15947.5,15967.5,15947.25,15959.0,2728
2023-12-01 03:15:00,15959.25,15970.75,15957.0,15970.75,1832
2023-12-01 03:30:00,15970.25,15983.0,15968.5,15975.0,2767
2023-12-01 03:45:00,15975.0,15985.5,15974.0,15981.5,1766
2023-12-01 04:00:00,15981.25,15988.75,15978.0,15988.0,2990
2023-12-01 04:15:00,15987.75,15994.5,15986.5,15993.75,2407
2023-12-01 04:30:00,15993.5,16000.75,15993.0,15997.0,2541
2023-12-01 04:45:00,15997.25,15997.75,15983.0,15983.75,1953
2023-12-01 05:00:00,15983.5,15987.0,15981.25,15984.5,1559
2023-12-01 05:15:00,15984.5,15987.0,15974.25,15978.25,1745
2023-12-01 05:30:00,15978.75,15980.5,15969.75,15972.75,1652
2023-12-01 05:45:00,15973.0,15977.0,15966.5,15966.5,1654
2023-12-01 06:00:00,15966.75,15970.5,15962.75,15970.0,1636
2023-12-01 06:15:00,15970.25,15976.0,15969.75,15972.5,1321
2023-12-01 06:30:00,15972.75,15975.5,15957.0,15958.0,2040
2023-12-01 06:45:00,15958.25,15967.5,15957.5,15962.25,1753
2023-12-01 07:00:00,15961.75,15963.0,15939.75,15943.5,3398
2023-12-01 07:15:00,15943.5,15944.75,15930.0,15943.75,3339
2023-12-01 07:30:00,15943.5,15947.25,15936.25,15940.75,2738
2023-12-01 07:45:00,15941.0,15941.0,15919.25,15924.75,4136
2023-12-01 08:00:00,15924.5,15942.5,15923.0,15932.75,4683
2023-12-01 08:15:00,15932.5,15948.0,15929.75,15941.75,3231
2023-12-01 08:30:00,15942.0,15947.75,15937.0,15943.0,3904
2023-12-01 08:45:00,15943.0,15945.75,15927.25,15930.5,5192
2023-12-01 09:00:00,15930.5,15938.25,15924.5,15930.0,4648
2023-12-01 09:15:00,15929.75,15933.25,15920.25,15933.25,6202
2023-12-01 09:30:00,15933.5,15936.75,15875.5,15932.75,49529
2023-12-01 09:45:00,15932.75,15943.25,15908.25,15913.75,24612
2023-12-01 10:00:00,15913.5,15963.5,15908.5,15915.0,38181
2023-12-01 10:15:00,15914.5,15921.25,15873.5,15881.25,29092
2023-12-01 10:30:00,15880.75,15918.0,15864.0,15909.75,25675
2023-12-01 10:45:00,15910.5,15917.5,15901.0,15915.75,11602
2023-12-01 11:00:00,15915.5,15980.75,15884.0,15976.5,44310
2023-12-01 11:15:00,15976.25,15984.0,15930.25,15961.5,25449
2023-12-01 11:30:00,15961.75,16012.0,15936.0,15999.75,32800
2023-12-01 11:45:00,15999.25,16017.75,15964.75,15993.25,28393
2023-12-01 12:00:00,15994.0,16009.5,15986.25,16003.0,14865
2023-12-01 12:15:00,16003.0,16022.75,15978.75,16020.75,16192
2023-12-01 12:30:00,16021.0,16034.75,16005.25,16029.75,14641
2023-12-01 12:45:00,16029.5,16050.0,16028.0,16038.25,13809
2023-12-01 13:00:00,16038.25,16042.75,16011.75,16021.0,12875
2023-12-01 13:15:00,16021.0,16033.0,16008.5,16009.0,11259
2023-12-01 13:30:00,16009.5,16016.5,15985.75,16003.75,13482
2023-12-01 13:45:00,16003.25,16007.0,15991.0,15994.5,6411
2023-12-01 14:00:00,15994.75,16013.25,15989.0,16010.5,10030
2023-12-01 14:15:00,16010.25,16022.0,15999.25,16017.75,9558
2023-12-01 14:30:00,16017.75,16024.5,16006.5,16016.5,6968
2023-12-01 14:45:00,16016.0,16032.0,16008.0,16031.0,6319
2023-12-01 15:00:00,16031.25,16034.25,16002.5,16019.25,10913
2023-12-01 15:15:00,16019.25,16031.5,16012.75,16031.25,7945
2023-12-01 15:30:00,16031.25,16036.5,16015.5,16017.75,8784
2023-12-01 15:45:00,16017.75,16037.5,16005.5,16025.0,25432
2023-12-01 16:00:00,16025.0,16036.25,16010.0,16030.75,12247
2023-12-01 16:15:00,16030.5,16034.25,16028.75,16032.75,1116
2023-12-01 16:30:00,16032.25,16035.75,16030.75,16034.0,1016
2023-12-01 16:45:00,16034.0,16036.75,16030.0,16030.25,1226
2023-12-03 18:00:00,16022.0,16026.0,15988.25,15988.75,4902
2023-12-03 18:15:00,15989.5,16000.25,15988.25,15995.5,1209
2023-12-03 18:30:00,15996.25,15998.0,15988.75,15991.0,1236
2023-12-03 18:45:00,15990.75,15996.5,15989.5,15991.75,947
2023-12-03 19:00:00,15992.0,15992.75,15984.25,15985.5,1378
2023-12-03 19:15:00,15985.0,15986.75,15972.75,15983.5,2133
2023-12-03 19:30:00,15983.0,15985.5,15975.25,15981.5,1292
2023-12-03 19:45:00,15981.0,15984.0,15975.25,15976.0,1106
2023-12-03 20:00:00,15976.0,15982.75,15975.25,15980.0,1287
2023-12-03 20:15:00,15980.0,15987.25,15979.5,15985.5,1089
2023-12-03 20:30:00,15985.0,15985.75,15976.75,15980.25,1141
2023-12-03 20:45:00,15980.5,15985.25,15979.25,15985.0,717
2023-12-03 21:00:00,15984.5,15985.25,15976.5,15977.5,791
2023-12-03 21:15:00,15977.25,15983.0,15975.25,15981.75,781
2023-12-03 21:30:00,15981.5,15981.75,15975.25,15976.0,593
2023-12-03 21:45:00,15975.75,15979.25,15973.5,15976.5,920
2023-12-03 22:00:00,15976.75,15978.25,15973.5,15975.5,572
2023-12-03 22:15:00,15975.25,15975.5,15966.5,15971.25,1373
2023-12-03 22:30:00,15971.0,15972.5,15967.5,15972.0,604
2023-12-03 22:45:00,15971.75,15973.5,15969.75,15971.75,496
2023-12-03 23:00:00,15971.25,15975.0,15970.25,15974.75,520
2023-12-03 23:15:00,15974.75,15979.25,15974.25,15979.25,653
2023-12-03 23:30:00,15979.25,15985.0,15975.25,15981.25,1215
2023-12-03 23:45:00,15981.25,15984.25,15978.75,15981.25,545
2023-12-04 00:00:00,15981.0,15981.25,15972.0,15972.75,904
2023-12-04 00:15:00,15972.5,15974.25,15968.75,15971.5,663
2023-12-04 00:30:00,15971.5,15974.0,15967.75,15967.75,475
2023-12-04 00:45:00,15967.75,15969.0,15963.5,15964.25,775
2023-12-04 01:00:00,15964.25,15973.75,15961.25,15971.5,1462
2023-12-04 01:15:00,15971.5,15974.5,15971.0,15971.25,501
2023-12-04 01:30:00,15972.0,15975.0,15968.5,15970.0,878
2023-12-04 01:45:00,15970.0,15972.5,15964.25,15967.25,956
2023-12-04 02:00:00,15968.0,15975.75,15963.5,15967.0,1415
2023-12-04 02:15:00,15966.75,15969.25,15964.0,15965.75,946
2023-12-04 02:30:00,15966.0,15967.5,15955.5,15958.75,1104
2023-12-04 02:45:00,15959.25,15965.25,15948.0,15950.5,1667
2023-12-04 03:00:00,15950.0,15955.75,15943.5,15952.25,2898
2023-12-04 03:15:00,15952.5,15973.75,15950.5,15973.5,2452
2023-12-04 03:30:00,15973.25,15991.0,15973.25,15990.0,4203
2023-12-04 03:45:00,15990.5,16003.5,15986.5,15987.25,3038
2023-12-04 04:00:00,15987.5,15992.75,15965.75,15968.75,3590
2023-12-04 04:15:00,15968.25,15973.5,15964.0,15970.75,1869
2023-12-04 04:30:00,15971.0,15973.25,15957.25,15967.5,2353
2023-12-04 04:45:00,15966.5,15971.5,15965.25,15969.5,1283
2023-12-04 05:00:00,15969.75,15971.75,15961.25,15969.75,1088
2023-12-04 05:15:00,15969.25,15976.25,15965.5,15972.25,1241
2023-12-04 05:30:00,15972.0,15974.5,15958.0,15958.75,1525
2023-12-04 05:45:00,15959.5,15967.0,15957.0,15966.75,1292
2023-12-04 06:00:00,15966.5,15972.5,15959.0,15961.0,1467
2023-12-04 06:15:00,15961.25,15967.25,15957.5,15966.0,914
2023-12-04 06:30:00,15966.5,15967.0,15952.5,15955.75,1516
2023-12-04 06:45:00,15955.75,15958.0,15941.0,15947.25,3086
2023-12-04 07:00:00,15946.5,15947.75,15929.5,15936.75,3764
2023-12-04 07:15:00,15936.5,15950.0,15933.0,15949.0,2756
2023-12-04 07:30:00,15948.5,15964.0,15944.75,15960.0,3065
2023-12-04 07:45:00,15960.0,15967.5,15957.25,15963.25,2094
2023-12-04 08:00:00,15963.0,15963.5,15953.5,15956.75,2710
2023-12-04 08:15:00,15957.0,15968.0,15945.0,15947.25,4071
2023-12-04 08:30:00,15947.25,15948.5,15917.25,15918.5,7003
2023-12-04 08:45:00,15919.0,15920.75,15903.0,15906.0,6036
2023-12-04 09:00:00,15906.25,15908.0,15875.75,15879.0,9699
2023-12-04 09:15:00,15879.0,15880.25,15848.5,15862.25,15974
2023-12-04 09:30:00,15862.5,15876.5,15832.0,15834.75,52347
2023-12-04 09:45:00,15834.75,15857.75,15823.0,15839.75,35088
2023-12-04 10:00:00,15839.5,15871.0,15827.5,15831.25,30362
2023-12-04 10:15:00,15831.75,15834.25,15746.75,15752.75,47166
2023-12-04 10:30:00,15752.75,15763.5,15732.25,15747.0,34962
2023-12-04 10:45:00,15747.0,15752.5,15721.25,15737.5,24006
2023-12-04 11:00:00,15737.5,15751.0,15728.25,15747.75,17787
2023-12-04 11:15:00,15747.5,15770.25,15744.25,15769.75,20901
2023-12-04 11:30:00,15769.75,15785.0,15760.75,15778.75,17678
2023-12-04 11:45:00,15779.0,15830.5,15778.75,15826.5,25273
2023-12-04 12:00:00,15826.5,15831.0,15817.25,15829.5,19144
2023-12-04 12:15:00,15829.5,15851.5,15825.75,15838.75,18358
2023-12-04 12:30:00,15839.0,15863.5,15837.25,15858.75,18719
2023-12-04 12:45:00,15858.5,15869.0,15852.25,15863.5,12281
2023-12-04 13:00:00,15863.5,15864.5,15846.0,15848.0,12669
2023-12-04 13:15:00,15848.25,15853.25,15820.0,15820.5,15877
2023-12-04 13:30:00,15820.25,15838.5,15817.0,15826.75,14168
2023-12-04 13:45:00,15826.5,15835.5,15822.0,15823.0,8395
2023-12-04 14:00:00,15823.0,15829.75,15796.0,15826.25,18437
2023-12-04 14:15:00,15826.0,15835.25,15823.0,15829.25,10963
2023-12-04 14:30:00,15829.0,15842.25,15818.75,15833.75,16054
2023-12-04 14:45:00,15833.5,15837.5,15821.0,15826.25,9898
2023-12-04 15:00:00,15826.25,15834.5,15812.75,15814.25,13389
2023-12-04 15:15:00,15814.5,15836.25,15807.75,15835.5,13380
2023-12-04 15:30:00,15836.0,15863.75,15829.75,15861.0,18560
2023-12-04 15:45:00,15861.0,15885.75,15855.25,15871.5,36085
2023-12-04 16:00:00,15871.25,15874.0,15855.75,15860.0,9908
2023-12-04 16:15:00,15859.75,15861.75,15857.25,15858.5,1663
2023-12-04 16:30:00,15858.25,15858.5,15852.75,15856.0,1454
2023-12-04 16:45:00,15855.75,15860.25,15853.25,15857.5,1322
